{
  "n_queries": 200,
  "n_index": 4265,
  "evaluation": "exact_floor_plan_id_match",
  "checkpoint": "artifacts/runs/alignment/best_alignment_checkpoint.pt",
  "metrics": {
    "recall@1": 0.035,
    "recall@5": 0.195,
    "recall@10": 0.32
  },
  "mrr": 0.10783531746031746,
  "random_baseline": {
    "recall@1": 0.00023446658851113716,
    "recall@5": 0.0011723329425556857,
    "recall@10": 0.0023446658851113715
  },
  "per_bucket_recall5": {
    "0": 0.16,
    "1": 0.16,
    "2": 0.2,
    "3": 0.26
  }
}